name,price,Socket,Clockspeed,Turbo Speed,Threads,Cores,Typical TDP,mt_score,st_score,class_Desktop,class_Laptop,class_Server,brand_Amd,brand_Intel
Ryzen Threadripper PRO 3995WX,,sTRX4 ,2.7,4.2,128,64,280,88731,2665,1,0,0,1,0
Ryzen Threadripper 3990X,4999.99,sTRX4 ,2.9,4.3,128,64,280,80558,2556,1,0,0,1,0
EPYC 7702,4955.0,SP3 ,2.0,3.4,128,64,200,71859,2096,0,0,1,1,0
EPYC 7702P,4749.95,SP3 ,2.0,3.4,128,64,200,68213,2210,0,0,1,1,0
EPYC 7742,6790.0,SP3 ,2.3,3.4,128,64,225,67185,2376,0,0,1,1,0
Ryzen Threadripper 3970X,2061.83,sTRX4 ,3.7,4.5,64,32,280,64253,2713,1,0,0,1,0
Ryzen Threadripper PRO 3975WX,,sTRX4 ,3.5,4.2,64,32,280,63616,2668,1,0,0,1,0
Ryzen Threadripper 3960X,1349.99,sTRX4 ,3.8,4.5,48,24,280,55459,2703,1,0,0,1,0
EPYC 7502,2285.0,SP3 ,2.5,3.4,64,32,180,53591,2116,0,0,1,1,0
Ryzen 9 5950X,1679.99,AM4 ,3.4,4.9,32,16,105,46244,3529,1,0,0,1,0
EPYC 7502P,2697.18,SP3 ,2.5,3.4,64,32,180,46180,1777,0,0,1,1,0
EPYC 7452,2288.99,SP3 ,2.4,3.4,64,32,155,45056,2177,0,0,1,1,0
Ryzen Threadripper PRO 3955WX,,sTRX4 ,3.9,4.3,32,16,280,41513,2749,1,0,0,1,0
Ryzen 9 5900X,1099.99,AM4 ,3.7,4.8,24,12,105,39509,3523,1,0,0,1,0
Xeon W-3275M ,7453.0,FCLGA3647 ,2.5,4.4,56,28,205,39478,2695,0,0,1,0,1
Ryzen 9 3950X,721.99,AM4 ,3.5,4.7,32,16,105,39251,2745,1,0,0,1,0
EPYC 7402P,1435.99,SP3 ,2.8,3.4,48,24,180,39118,1742,0,0,1,1,0
Xeon Gold 6248R ,2826.31,FCLGA3647 ,3.0,4.0,48,24,205,38521,2270,0,0,1,0,1
Xeon Platinum 8280 ,9949.0,FCLGA3647 ,2.7,4.0,56,28,205,37575,2011,0,0,1,0,1
Xeon Gold 6242R ,2641.87,FCLGA3647 ,3.1,4.1,40,20,205,34987,2444,0,0,1,0,1
Ryzen Threadripper PRO 3945WX,,sTRX4 ,4.0,4.3,24,12,280,34740,2726,1,0,0,1,0
Core i9-10980XE ,999.99,FCLGA2066 ,3.0,4.8,36,18,165,34408,2644,1,0,0,0,1
EPYC 7302,1192.92,SP3 ,3.0,3.3,32,16,155,34259,2080,0,0,1,1,0
Ryzen 9 3900XT,629.25,AM4 ,3.8,4.7,24,12,105,33003,2801,1,0,0,1,0
Xeon Platinum 8168 ,5890.0,FCLGA3647 ,2.7,3.7,48,24,205,32934,2180,0,0,1,0,1
Ryzen 9 3900X,605.67,AM4 ,3.8,4.6,24,12,105,32863,2731,1,0,0,1,0
EPYC 7302P,939.99,SP3 ,3.0,3.3,32,16,155,32818,1833,0,0,1,1,0
Xeon W-2295 ,1333.0,FCLGA2066 ,3.0,4.8,36,18,165,32060,2754,0,0,1,0,1
Core i9-9980XE ,1054.0,FCLGA2066 ,3.0,4.5,36,18,165,32010,2577,1,0,0,0,1
Core i9-9990XE ,,LGA2066 ,4.0,5.0,28,14,255,31941,3104,1,0,0,0,1
Xeon W-3175X ,3053.84,FCLGA3647 ,3.1,3.8,56,28,255,31814,2126,1,0,0,0,1
Ryzen 9 PRO 3900,,AM4 ,3.1,4.3,24,12,65,31800,2637,1,0,0,1,0
Ryzen Threadripper 2990WX,1999.95,sTR4 ,3.0,4.2,64,32,250,31410,2329,1,0,0,1,0
Xeon Gold 6248 ,3324.99,FCLGA3647 ,2.5,3.9,40,20,150,31285,2326,0,0,1,0,1
Core i9-9960X ,885.99,FCLGA2066 ,3.1,4.4,32,16,165,31278,2685,1,0,0,0,1
Ryzen 9 3900,,AM4 ,3.1,4.3,24,12,65,30896,2649,1,0,0,1,0
Xeon Gold 6246R ,3572.42,FCLGA3647 ,3.4,4.1,32,16,205,30485,2389,0,0,1,0,1
Xeon W-3245 ,2412.15,FCLGA3647 ,3.2,4.4,32,16,205,30300,2541,0,0,1,0,1
Xeon Platinum 8259CL ,,LGA 3647 ,2.5,3.5,48,24,210,30250,1859,0,0,1,0,1
Ryzen Threadripper 2950X,589.99,sTR4 ,3.5,4.4,32,16,180,30179,2477,1,0,0,1,0
Xeon W-3265 ,4551.37,FCLGA3647 ,2.7,4.4,48,24,205,30105,2572,0,0,1,0,1
Xeon Platinum 8268 ,6005.98,FCLGA3647 ,2.9,3.9,48,24,205,30103,2167,0,0,1,0,1
Core i9-7980XE ,2345.33,FCLGA2066 ,2.6,4.2,36,18,165,29848,2498,1,0,0,0,1
Core i9-10940X ,799.0,FCLGA2066 ,3.3,4.8,28,14,165,29750,2732,1,0,0,0,1
Xeon Gold 6254 ,3619.95,FCLGA3647 ,3.1,4.0,36,18,200,29356,2381,0,0,1,0,1
Ryzen 7 5800X,449.99,AM4 ,3.8,4.7,16,8,105,28751,3508,1,0,0,1,0
EPYC 7371,1808.99,SP3 ,3.1,3.8,32,16,nan,28356,2419,0,0,1,1,0
Core i9-9940X ,759.96,FCLGA2066 ,3.3,4.5,28,14,165,28239,2628,1,0,0,0,1
Ryzen Threadripper 2970WX,1156.4,sTR4 ,3.0,4.2,48,24,250,28071,2292,1,0,0,1,0
Xeon Gold 6238 ,2612.0,FCLGA3647 ,2.1,3.7,44,22,140,27617,1691,0,0,1,0,1
Xeon Gold 6212U ,2000.0,FCLGA3647 ,2.4,3.9,48,24,165,27470,2013,0,0,1,0,1
EPYC 7571,,SP3 ,2.1,2.9,64,32,120,27445,1934,0,0,1,1,0
Xeon Platinum 8173M ,,FCLGA3647 ,2.0,3.5,56,28,165,27377,2123,0,0,1,0,1
Xeon Gold 6210U ,2059.86,FCLGA3647 ,2.5,3.9,40,20,150,27131,2295,0,0,1,0,1
Core i9-7960X ,1600.0,FCLGA2066 ,2.8,4.2,32,16,165,26959,2580,1,0,0,0,1
Core i9-7940X ,1489.95,FCLGA2066 ,3.1,4.3,28,14,165,26819,2521,1,0,0,0,1
Xeon Gold 6208U ,989.0,FCLGA3647 ,2.9,3.9,32,16,150,26677,2325,0,0,1,0,1
Xeon Platinum 8175M ,,FCLGA3647 ,2.5,2.5,48,24,nan,26659,1903,0,0,1,0,1
Ryzen Threadripper 1950X,1115.0,sTR4 ,3.4,4.0,32,16,180,26543,2280,1,0,0,1,0
Xeon Platinum 8160 ,4489.0,FCLGA3647 ,2.1,3.7,48,24,150,26485,1984,0,0,1,0,1
EPYC 7272,740.25,SP3 ,2.9,3.2,24,12,120,26454,2019,0,0,1,1,0
EPYC 7401P,844.39,SP3 ,2.0,3.0,48,24,155,26392,1795,0,0,1,1,0
Xeon Gold 6154 ,3659.82,FCLGA3647 ,3.0,3.7,36,18,200,26298,2249,0,0,1,0,1
Core i9-10920X ,642.0,FCLGA2066 ,3.5,4.8,24,12,165,26292,2744,1,0,0,0,1
Xeon W-2265 ,944.0,FCLGA2066 ,3.5,4.6,24,12,165,26085,2862,0,0,1,0,1
EPYC 7551P,1190.88,SP3 ,2.0,3.0,64,32,180,25933,1611,0,0,1,1,0
Xeon Gold 5220 ,1639.93,FCLGA3647 ,2.2,3.9,36,18,125,25740,2396,0,0,1,0,1
Ryzen Threadripper 2920X,1499.99,sTR4 ,3.5,4.3,24,12,180,25503,2501,1,0,0,1,0
Xeon Platinum 8124M ,,FCLGA3647 ,3.0,3.5,36,18,nan,25456,2084,0,0,1,0,1
Core i9-9920X ,650.0,FCLGA2066 ,3.5,4.5,24,12,165,25352,2655,1,0,0,0,1
EPYC 7501,3049.0,SP3 ,2.0,3.0,64,32,155,24925,1925,0,0,1,1,0
Xeon Gold 6138T ,2742.0,FCLGA3647 ,2.0,3.7,40,20,125,24800,2050,0,0,1,0,1
Xeon Gold 6143 ,,FCLGA3647 ,2.8,4.0,32,16,205,24786,2248,0,0,1,0,1
Xeon W-3235 ,1463.45,FCLGA3647 ,3.3,4.5,24,12,180,24592,2518,0,0,1,0,1
Xeon E5-2699 v4 ,1598.95,FCLGA2011-3 ,2.2,3.6,44,22,145,24472,1936,0,0,1,0,1
Xeon Gold 6246 ,3315.49,FCLGA3647 ,3.3,4.2,24,12,165,24446,2450,0,0,1,0,1
EPYC 7551,1674.35,SP3 ,2.0,3.0,64,32,180,24320,1842,0,0,1,1,0
Xeon Gold 6226R ,1495.46,FCLGA3647 ,2.9,3.9,32,16,150,24258,2179,0,0,1,0,1
Core i9-10900K ,577.5,FCLGA1200 ,3.7,5.3,20,10,125,24193,3176,1,0,0,0,1
Xeon Gold 6148 ,3217.99,FCLGA3647 ,2.4,3.7,40,20,150,24133,2056,0,0,1,0,1
Xeon Gold 6138 ,2679.99,FCLGA3647 ,2.0,3.7,40,20,125,24115,2224,0,0,1,0,1
Xeon W-1290P ,539.0,FCLGA1200 ,3.7,5.3,20,10,125,24086,3305,0,0,1,0,1
Xeon Gold 6242 ,2489.95,FCLGA3647 ,2.8,3.9,32,16,150,24046,2081,0,0,1,0,1
Ryzen 7 3800XT,388.0,AM4 ,3.9,4.7,16,8,105,23940,2861,1,0,0,1,0
Xeon E5-2679 v4 ,2702.0,FCLGA2011-3 ,2.5,3.3,40,20,200,23908,2055,0,0,1,0,1
Core i9-10900KF ,529.99,FCLGA1200 ,3.7,5.3,20,10,125,23836,3150,1,0,0,0,1
Core i9-7920X ,478.5,FCLGA2066 ,2.9,4.4,24,12,140,23589,2504,1,0,0,0,1
EPYC 7351,1015.0,SP3 ,2.4,2.9,32,16,155,23566,1821,0,0,1,1,0
Xeon W-2195 ,2790.13,FCLGA2066 ,2.3,4.3,36,18,140,23487,2360,0,0,1,0,1
Xeon W-2175 ,2098.36,FCLGA2066 ,2.5,4.3,28,14,140,23442,2483,0,0,1,0,1
Ryzen 7 3800X,407.9,AM4 ,3.9,4.5,16,8,105,23373,2746,1,0,0,1,0
Core i9-10850K ,429.89,FCLGA1200 ,3.6,5.1,20,10,125,23338,3101,1,0,0,0,1
Xeon Gold 6230 ,2011.12,FCLGA3647 ,2.1,3.9,40,20,125,23330,2185,0,0,1,0,1
Xeon W-2170B ,,FCLGA-2066 ,2.5,4.3,28,14,nan,23300,2559,0,0,1,0,1
Ryzen Threadripper 1920X,989.0,sTR4 ,3.5,4.0,24,12,180,23183,2307,1,0,0,1,0
Xeon Platinum 8176 ,8725.0,FCLGA3647 ,2.1,3.8,56,28,165,23179,2048,0,0,1,0,1
Xeon Gold 6146 ,4608.95,FCLGA3647 ,3.2,4.2,24,12,165,23014,2510,0,0,1,0,1
Ryzen 7 3700X,329.0,AM4 ,3.6,4.4,16,8,65,22821,2690,1,0,0,1,0
Xeon Gold 6140 ,2863.75,FCLGA3647 ,2.3,3.7,36,18,140,22733,1840,0,0,1,0,1
Core i9-10900X ,559.99,FCLGA2066 ,3.7,4.7,20,10,165,22684,2730,1,0,0,0,1
EPYC 7F32,,SP3 ,3.7,3.9,16,8,180,22303,2447,0,0,1,1,0
Xeon Gold 6152 ,4108.95,FCLGA3647 ,2.1,3.7,44,22,140,22291,2155,0,0,1,0,1
Core i9-10910 ,,FCLGA1200 ,3.6,5.0,20,10,125,22289,3101,1,0,0,0,1
Ryzen 5 5600X,299.0,AM4 ,3.7,4.6,12,6,65,22271,3394,1,0,0,1,0
Xeon W-1290 ,494.0,FCLGA1200 ,3.2,5.2,20,10,80,22248,3169,0,0,1,0,1
Xeon Gold 5218 ,1319.95,FCLGA3647 ,2.3,3.9,32,16,125,22117,2245,0,0,1,0,1
Xeon E5-2698 v4 ,3629.59,FCLGA2011-3 ,2.2,3.6,40,20,135,22091,2066,0,0,1,0,1
Core i9-9900X ,589.99,FCLGA2066 ,3.5,4.5,20,10,165,21961,2594,1,0,0,0,1
Ryzen 7 PRO 3700,279.99,AM4 ,3.6,4.4,16,8,65,21934,2631,1,0,0,1,0
Xeon Gold 6136 ,2654.82,FCLGA3647 ,3.0,3.7,24,12,150,21835,2191,0,0,1,0,1
Xeon Gold 6130T ,1988.0,FCLGA3647 ,2.1,3.7,32,16,125,21803,1698,0,0,1,0,1
Core i9-7900X ,1798.95,FCLGA2066 ,3.3,4.5,20,10,140,21436,2600,1,0,0,0,1
Core i9-10900 ,519.0,FCLGA1200 ,2.8,5.2,20,10,65,21353,3113,1,0,0,0,1
EPYC 7281,769.98,SP3 ,2.1,2.7,32,16,155,21230,1613,0,0,1,1,0
Ryzen 7 PRO 4750G,289.0,AM4 ,3.6,4.4,16,8,65,21221,2756,1,0,0,1,0
Ryzen 7 4700G,,AM4 ,3.6,4.4,16,8,65,21167,2796,1,0,0,1,0
EPYC 7262,623.54,SP3 ,3.2,3.4,16,8,155,21127,1935,0,0,1,1,0
Core i9-10900F ,419.99,FCLGA1200 ,2.8,5.2,20,10,65,21081,3096,1,0,0,0,1
Xeon E5-2696 v4 ,3179.0,FCLGA2011-3 ,2.2,3.6,44,22,145,21031,1787,0,0,1,0,1
Xeon W-2155 ,1530.39,FCLGA2066 ,3.3,4.5,20,10,140,20887,2649,0,0,1,0,1
Ryzen Threadripper 2990X,,TR4 ,3.4,4.2,64,32,250,20885,2372,1,0,0,1,0
Ryzen 7 PRO 4700G,,AM4 ,3.6,4.4,16,8,65,20848,2700,1,0,0,1,0
EPYC 7451,2429.0,SP3 ,2.3,3.2,48,24,180,20738,2078,0,0,1,1,0
Ryzen 7 4700GE,,AM4 ,3.1,4.3,16,8,35,20671,2737,1,0,0,1,0
Xeon E5-2699 v3 ,922.68,LGA2011-v3 ,2.3,3.6,36,18,145,20545,1956,0,0,1,0,1
Core i9-9820X ,536.0,FCLGA2066 ,3.3,4.2,20,10,165,20513,2421,1,0,0,0,1
Ryzen 7 PRO 4750GE,,AM4 ,3.1,4.3,16,8,35,20456,2737,1,0,0,1,0
Xeon E5-2696 v3 ,2498.0,LGA2011-v3 ,2.3,3.6,36,18,nan,20305,1778,0,0,1,0,1
Xeon W-2150B ,,FCLGA2066 ,3.0,4.5,20,10,nan,20236,2554,0,0,1,0,1
Ryzen 9 4900HS,,FP6 ,3.0,4.3,16,8,35,19829,2669,0,1,0,1,0
Xeon E5-2697 v4 ,3162.13,FCLGA2011-3 ,2.3,3.6,36,18,145,19820,1820,0,0,1,0,1
Xeon Gold 6226 ,1886.96,FCLGA3647 ,2.7,3.7,24,12,125,19810,2104,0,0,1,0,1
Xeon W-1270 ,362.0,FCLGA1200 ,3.4,5.0,16,8,80,19704,3032,0,0,1,0,1
Core i7-10700K ,359.99,FCLGA1200 ,3.8,5.1,16,8,125,19670,3088,1,0,0,0,1
Xeon E5-2682 v4 ,,FCLGA2011-3 ,2.5,3.0,32,16,120,19634,1825,0,0,1,0,1
EPYC 7351P,1621.0,SP3 ,2.4,2.9,32,16,155,19589,1876,0,0,1,1,0
Core i7-10700KF ,359.99,FCLGA1200 ,3.8,5.1,16,8,125,19575,3094,1,0,0,0,1
Xeon Gold 6132 ,2142.0,FCLGA3647 ,2.6,3.7,28,14,140,19552,2177,0,0,1,0,1
Core i9-9900KS ,1965.0,FCLGA1151-2 ,4.0,5.0,16,8,127,19478,3037,1,0,0,0,1
Xeon E5-2698 v3 ,3405.95,LGA2011-v3 ,2.3,3.6,32,16,135,19405,2002,0,0,1,0,1
Xeon W-2245 ,729.99,FCLGA2066 ,3.9,4.7,16,8,155,19384,2753,0,0,1,0,1
Xeon Gold 6137 ,,FCLGA-3647 ,3.9,4.1,16,16,205,19365,2499,0,0,1,0,1
Core i7-7900X ,,FCLGA2066 ,3.3,4.3,20,10,140,19358,2610,1,0,0,0,1
Xeon E5-2695 v4 ,7183.0,FCLGA2011-3 ,2.1,3.3,36,18,120,19299,1863,0,0,1,0,1
Xeon Gold 6126 ,1539.95,FCLGA3647 ,2.6,3.7,24,12,125,19223,2019,0,0,1,0,1
Ryzen 9 4900H,,FP6 ,3.3,4.4,16,8,45,19094,2719,0,1,0,1,0
Ryzen 7 4800H,,FP6 ,2.9,4.2,16,8,45,19069,2662,0,1,0,1,0
Ryzen 7 4800HS,,FP6 ,2.9,4.2,16,8,45,19039,2637,0,1,0,1,0
Xeon E5-2697A v4 ,,FCLGA2011-3 ,2.6,3.6,32,16,145,18996,2184,0,0,1,0,1
Xeon E5-2676 v4 ,,FCLGA2011-3 ,2.4,3.0,32,16,145,18978,1730,0,0,1,0,1
Ryzen 5 3600XT,347.0,AM4 ,3.8,4.5,12,6,95,18929,2810,1,0,0,1,0
Core i9-9900KF ,329.99,FCLGA1151-2 ,3.6,5.0,16,8,95,18924,3005,1,0,0,0,1
Core i9-9900K ,357.46,FCLGA1151-2 ,3.6,5.0,16,8,95,18871,2978,1,0,0,0,1
Xeon D-2187NT ,1989.0,FCBGA2518 ,2.0,3.0,32,16,110,18727,1763,0,0,1,0,1
Xeon Gold 6144 ,3181.17,FCLGA3647 ,3.5,4.2,16,8,150,18656,2523,0,0,1,0,1
Xeon Gold 6130 ,1813.95,FCLGA3647 ,2.1,3.7,32,16,125,18634,1859,0,0,1,0,1
Xeon Silver 4216 ,930.23,FCLGA3647 ,2.1,3.2,32,16,100,18561,1667,0,0,1,0,1
Xeon E5-2680 v4 ,598.99,FCLGA2011-3 ,2.4,3.3,28,14,120,18424,1947,0,0,1,0,1
Xeon D-2183IT ,1764.0,FCBGA2518 ,2.2,3.0,32,16,100,18385,1728,0,0,1,0,1
Xeon E5-2697 v3 ,632.99,LGA2011-v3 ,2.6,3.6,28,14,145,18362,1966,0,0,1,0,1
Xeon W-2145 ,1471.99,FCLGA2066 ,3.7,4.5,16,8,140,18339,2643,0,0,1,0,1
Ryzen 5 3600X,403.46,AM4 ,3.8,4.4,12,6,95,18333,2678,1,0,0,1,0
Ryzen 7 Extreme Edition,,FP6 ,1.8,4.2,16,8,nan,18284,2677,0,1,0,1,0
Core i7-9800X ,449.95,FCLGA2066 ,3.8,4.5,16,8,165,18281,2638,1,0,0,0,1
Xeon W-1270P ,428.0,FCLGA1200 ,3.8,5.1,16,8,95,18079,3104,0,0,1,0,1
Xeon E5-2683 v4 ,499.0,FCLGA2011-3 ,2.1,3.0,32,16,120,18017,1673,0,0,1,0,1
Ryzen 5 PRO 3600,,AM4 ,3.6,3.6,12,6,65,17985,2601,1,0,0,1,0
Ryzen 5 3600,317.98,AM4 ,3.6,4.2,12,6,65,17865,2585,1,0,0,1,0
Xeon E5-2687W v4 ,2174.99,FCLGA2011-3 ,3.0,3.5,24,12,160,17791,2130,0,0,1,0,1
Xeon E5-2686 v3 ,,LGA2011-v3 ,2.0,3.5,36,18,120,17678,1862,0,0,1,0,1
Xeon E5-2690 v4 ,534.72,FCLGA2011-3 ,2.6,3.5,28,14,135,17678,2072,0,0,1,0,1
Ryzen 7 2700X,289.99,AM4 ,3.7,4.3,16,8,105,17595,2438,1,0,0,1,0
Xeon Gold 5120T ,1727.0,FCLGA3647 ,2.2,3.2,28,14,105,17540,1827,0,0,1,0,1
Xeon E5-2673 v4 ,1950.0,FCLGA2011-3 ,2.3,3.3,40,20,135,17533,1909,0,0,1,0,1
Core i7-10700 ,349.99,FCLGA1200 ,2.9,4.8,16,8,65,17476,2936,1,0,0,0,1
Core i7-7820X ,913.92,FCLGA2066 ,3.6,4.3,16,8,140,17450,2548,1,0,0,0,1
Core i7-6950X ,939.99,LGA2011-v3 ,3.0,4.0,20,10,140,17423,2400,1,0,0,0,1
Xeon E-2278G ,494.0,FCLGA1151-2 ,3.4,5.0,16,8,80,17386,3041,0,0,1,0,1
Xeon W-2140B ,,FCLGA2066 ,3.2,4.2,16,8,nan,17313,2519,0,0,1,0,1
Ryzen 7 4800U,,FP6 ,1.8,4.2,16,8,15,17240,2599,0,1,0,1,0
Xeon E-2278GE ,494.0,FCLGA1151-2 ,3.3,4.7,16,8,80,17210,2754,0,0,1,0,1
Ryzen 5 4600G,,AM4 ,3.7,4.2,12,6,65,17197,2707,1,0,0,1,0
Core i9-9900 ,396.95,FCLGA1151-2 ,3.1,5.0,16,8,65,17174,2897,1,0,0,0,1
Xeon E5-2658 ,1462.0,LGA2011 ,2.1,2.4,16,8,95,6073,1156,0,0,1,0,1
Opteron 6344,379.0,,2.6,3.2,1,1,115,6069,1231,0,0,1,1,0
Core i5-6600 ,262.13,LGA 1151 ,3.3,3.9,4,4,65,6061,2261,1,0,0,0,1
Core i5-8250U ,, FC-BGA1356 ,1.6,3.4,8,4,15,6054,1979,0,1,0,0,1
Xeon E3-1220 v6 ,214.97,FCLGA1151 ,3.0,3.5,4,4,72,6048,2072,0,0,1,0,1
Core i7-4900MQ ,586.67,FCPGA946 ,2.8,3.8,8,4,47,6042,1970,0,1,0,0,1
FX-9370 Eight-Core,619.0,AM3+ ,4.4,4.7,8,8,220,6026,1681,1,0,0,1,0
Xeon E3-1265L v3 ,699.95,FCLGA1150 ,2.5,3.7,8,4,45,6019,2005,0,0,1,0,1
Core i7-5700HQ ,,FCBGA1364 ,2.7,3.5,8,4,47,5996,2007,0,1,0,0,1
Core i5-8265UC ,,FCBGA1528 ,1.6,3.9,8,4,nan,5988,2200,0,1,0,0,1
Core i7-8550U ,,FC-BGA1356 ,1.8,4.0,8,4,15,5986,2094,0,1,0,0,1
Xeon E5-2609 v4 ,359.73,FCLGA2011-3 ,1.7,1.7,8,8,85,5974,1078,0,0,1,0,1
Core i5-7600T ,280.55,FCLGA1151 ,2.8,3.7,4,4,35,5961,2247,1,0,0,0,1
Core i7-4770T ,399.99,LGA1150 ,2.5,3.7,8,4,45,5957,2074,1,0,0,0,1
Core i7-3920XM ,1096.0,FCPGA988 ,2.9,3.8,8,4,55,5953,2039,0,1,0,0,1
Xeon E3-1275L v3 ,,LGA1150 ,2.7,3.9,8,4,45,5949,2065,0,0,1,0,1
Xeon D-1521 ,,FCBGA1667 ,2.4,2.7,8,4,45,5931,1693,0,0,1,0,1
Core i7-4800MQ ,194.1,rPGA946B ,2.7,3.7,8,4,47,5930,1977,0,1,0,0,1
Xeon E5-2650L ,209.95,LGA 2011 ,1.8,2.3,16,8,70,5929,1091,0,0,1,0,1
FX-8350 Eight-Core,228.53,AM3+ ,4.0,4.2,8,8,125,5925,1567,1,0,0,1,0
Core i5-5675C ,309.95,FCLGA1150 ,3.1,3.6,4,4,65,5910,2258,1,0,0,0,1
Ryzen 3 PRO 2300U,,FP5 ,2.0,3.4,4,4,15,5908,1843,0,1,0,1,0
Core i5-5675R ,,FCBGA1364 ,3.1,3.6,4,4,65,5906,2227,1,0,0,0,1
Core i7-5700EQ ,,FCBGA1364 ,2.6,3.4,8,4,47,5905,2124,0,1,0,0,1
Xeon E3-1225 v5 ,237.36,FCLGA1151 ,3.3,3.7,4,4,80,5903,2053,0,0,1,0,1
Core i7-3840QM ,399.0,rPGA988B ,2.8,3.8,8,4,45,5899,1918,0,1,0,0,1
Opteron 6378,99.99,G34 ,2.4,3.3,1,1,115,5889,1127,0,0,1,1,0
Xeon E3-1240L v5 ,278.0,FCLGA1151 ,2.1,3.2,8,4,25,5880,1893,0,0,1,0,1
Xeon E5-1620 ,320.0,LGA2011 ,3.6,3.8,8,4,130,5874,1770,0,0,1,0,1
Core i7-3820 ,299.99,LGA2011 ,3.6,3.8,8,4,130,5869,1778,1,0,0,0,1
Xeon X5650 ,108.02,LGA1366 ,2.7,3.1,12,6,95,5858,1303,0,0,1,0,1
Xeon E5-1410 v2 ,19.2,LGA 1356 ,2.8,3.2,8,4,80,5842,1689,0,0,1,0,1
Ryzen 3 3300U,,FP5 ,2.1,3.5,4,4,15,5841,1874,0,1,0,1,0
Core i3-8300T ,153.35,FCLGA1151-2 ,3.2,3.2,4,4,25,5827,2005,1,0,0,0,1
Core i7-3940XM ,609.95,rPGA988B ,3.0,3.9,8,4,55,5797,1932,0,1,0,0,1
Core i7-4710MQ ,271.57,FCPGA946 ,2.5,3.5,8,4,47,5796,1900,0,1,0,0,1
Ryzen 3 PRO 3300U,,FP5 ,2.1,3.5,4,4,15,5788,2068,0,1,0,1,0
Opteron 4274 HE,39.99,C32 ,2.5,2.8,8,8,65,5776,1060,0,0,1,1,0
Xeon E5-2440 ,741.0,LGA 1356 ,2.4,2.7,12,6,95,5766,1299,0,0,1,0,1
Xeon E5-2430 ,291.38,LGA 1356 ,2.2,2.7,12,6,95,5750,1215,0,0,1,0,1
Xeon E3-1205 v6 ,193.0,FCLGA1151 ,3.0,3.0,4,4,65,5682,1875,0,0,1,0,1
Core i5-6500 ,190.46,LGA 1151 ,3.2,3.6,4,4,65,5666,2125,1,0,0,0,1
Core i7-3720QM ,363.0,BGA1224 ,2.6,3.6,8,4,45,5660,1850,0,1,0,0,1
Core i5-7440HQ ,,BGA1440 ,2.8,3.8,4,4,45,5659,2044,0,1,0,0,1
Xeon D-1559 ,,FCBGA1667 ,1.5,2.1,24,12,45,5647,569,0,0,1,0,1
Core i7-4720HQ ,,BGA1364 ,2.6,3.6,8,4,47,5642,1838,0,1,0,0,1
Core i7-3740QM ,218.02,rPGA988B ,2.7,3.7,8,4,45,5636,1851,0,1,0,0,1
Opteron 6238,349.89,Socket G34 ,2.6,3.2,1,1,115,5625,1157,0,0,1,1,0
Core i5-4690 ,172.5,LGA1150 ,3.5,3.9,4,4,84,5623,2203,1,0,0,0,1
Core i7-4722HQ ,,FCBGA1364 ,2.4,3.4,8,4,37,5620,1844,0,1,0,0,1
Core i7-3820QM ,275.0,BGA1224 ,2.7,3.7,8,4,45,5609,1915,0,1,0,0,1
Core i5-6600T ,289.95,LGA 1151 ,2.7,3.5,4,4,35,5608,2123,1,0,0,0,1
Core i3-9100T ,122.0,FCLGA1151-2 ,3.1,3.7,4,4,35,5587,2194,1,0,0,0,1
Core i5-4690K ,220.98,LGA1150 ,3.5,3.9,4,4,88,5587,2193,1,0,0,0,1
Xeon W-2102 ,286.99,FCLGA2066 ,2.9,2.9,4,4,120,5574,1788,0,0,1,0,1
Opteron 6376,298.89,Socket G34 ,2.3,3.2,1,1,115,5572,1165,0,0,1,1,0
Xeon E5-2643 ,2728.0,LGA2011 ,3.3,3.5,8,4,130,5557,1671,0,0,1,0,1
Core i5-6402P ,189.99,LGA 1151 ,2.8,3.4,4,4,65,5554,2060,1,0,0,0,1
Core i5-5575R ,,LGA1150 ,2.8,3.3,4,4,65,5550,2052,1,0,0,0,1
Core i7-2700K ,223.0,LGA1155 ,3.5,3.9,8,4,95,5538,1781,1,0,0,0,1
Xeon E5-2450L ,39.99,LGA 1356 ,1.8,2.3,16,8,70,5538,971,0,0,1,0,1
Core i7-10510Y ,403.0,UTFCBGA1377 ,1.2,4.5,8,4,7,5523,2102,0,1,0,0,1
Core i7-3770T ,329.99,LGA1155 ,2.5,3.7,8,4,45,5511,1954,1,0,0,0,1
Core i7-4700HQ ,383.0,FCBGA1364 ,2.4,3.4,8,4,47,5510,1777,0,1,0,0,1
Core i5-7400 ,189.98,FCLGA1151 ,3.0,3.5,4,4,65,5508,2107,1,0,0,0,1
Core i7-4710HQ ,378.0,FCBGA1364 ,2.5,3.5,8,4,47,5494,1799,0,1,0,0,1
Ryzen Embedded V1404I,,,2.0,3.6,8,4,15,5491,1932,1,0,0,1,0
Xeon E3-1280 ,358.0,LGA1155 ,3.5,3.9,8,4,95,5490,1807,0,0,1,0,1
Xeon E5-2630L ,,LGA 2011 ,2.0,2.5,12,6,60,5476,1164,0,0,1,0,1
Core i5-4670K ,399.95,LGA1150 ,3.4,3.8,4,4,84,5471,2136,1,0,0,0,1
Core i5-4670 ,313.56,LGA1150 ,3.4,3.8,4,4,84,5465,2149,1,0,0,0,1
Xeon E3-1220 v5 ,150.0,FCLGA1151 ,3.0,3.5,4,4,80,5463,1956,0,0,1,0,1
Core i7-2600K ,296.62,LGA1155 ,3.4,3.8,8,4,95,5446,1734,1,0,0,0,1
Core i7-4702HQ ,,FCBGA1364 ,2.2,3.2,8,4,37,5441,1717,0,1,0,0,1
Core i7-4750HQ ,,FCBGA1364 ,2.0,3.2,8,4,47,5418,1703,0,1,0,0,1
Core i5-1030NG7 ,,BGA1526 ,1.1,3.5,8,4,10,5416,1665,0,1,0,0,1
FX-8320 Eight-Core,179.58,AM3+ ,3.5,4.0,8,8,125,5375,1467,1,0,0,1,0
Xeon X5687 ,149.95,LGA1366 ,3.6,3.9,8,4,130,5371,1557,0,0,1,0,1
Core i5-6440EQ ,,FCBGA1440 ,2.7,3.4,4,4,45,5368,1943,0,1,0,0,1
Xeon E3-1275 ,475.86,LGA1155 ,3.4,3.8,8,4,95,5365,1759,0,0,1,0,1
Xeon E3-1226 v3 ,102.0,FCLGA1150 ,3.3,3.7,4,4,84,5359,2064,0,0,1,0,1
Core i5-7500T ,374.62,FCLGA1151 ,2.7,3.3,4,4,35,5345,1990,1,0,0,0,1
Core i7-2600 ,175.63,LGA1155 ,3.4,3.8,8,4,95,5338,1734,1,0,0,0,1
Core i7-4785T ,,FCLGA1150 ,2.2,3.2,8,4,35,5336,1733,1,0,0,0,1
Core i5-4670R ,276.0,FCBGA1364 ,3.0,3.7,4,4,65,5335,2164,1,0,0,0,1
Ryzen 3 2300U,,FP5 ,2.0,3.4,4,4,15,5335,1698,0,1,0,1,0
Xeon E3-1268L v3 ,,LGA1150 ,2.3,3.3,8,4,45,5333,1896,0,0,1,0,1
Core i5-6500TE ,230.6,LGA 1151 ,2.3,3.3,4,4,35,5329,1916,1,0,0,0,1
Xeon E3-1245 ,245.0,LGA1155 ,3.3,3.7,8,4,95,5323,1740,0,0,1,0,1
Core i3-8100T ,132.99,FCLGA1151-2 ,3.1,3.1,4,4,35,5319,1932,1,0,0,0,1
Xeon E3-1270 ,305.0,LGA1155 ,3.4,3.8,8,4,80,5313,1741,0,0,1,0,1
Core i7-4700MQ ,189.0,rPGA946B ,2.4,3.4,8,4,47,5300,1784,0,1,0,0,1
Core i5-4590 ,350.62,LGA1150 ,3.3,3.7,4,4,84,5293,2080,1,0,0,0,1
Opteron 6274,885.95,G34 ,2.2,3.1,1,1,115,5286,849,0,0,1,1,0
Core i5-4690S ,359.21,LGA1150 ,3.2,3.9,4,4,65,5283,2193,1,0,0,0,1
Core i7-4860EQ ,,FCBGA1364 ,1.8,3.2,8,4,47,5280,1726,0,1,0,0,1
FX-8300 Eight-Core,168.02,AM3+ ,3.3,4.2,8,8,95,5272,1474,1,0,0,1,0
Xeon E5-2430L ,32.28,FCLGA1356 ,2.0,2.5,12,6,60,5263,1060,0,0,1,0,1
Core i3-1005G1 ,281.0,FCBGA1526 ,1.2,3.4,4,2,15,5262,2310,0,1,0,0,1
Core i5-8365UE ,297.0,FCBGA1528 ,1.6,4.1,8,4,15,5243,2343,0,1,0,0,1
Core i7-4712MQ ,,FCPGA946 ,2.3,3.3,8,4,37,5243,1776,0,1,0,0,1
Xeon E5-2620 ,390.18,LGA2011 ,2.0,2.5,12,6,95,5242,1113,0,0,1,0,1
Core i7-6822EQ ,,LGA 1151 ,2.0,2.8,8,4,25,5241,1572,0,1,0,0,1
Xeon X5677 ,110.0,LGA1366 ,3.5,3.7,8,4,130,5226,1625,0,0,1,0,1
Xeon E3-1225 v3 ,59.99,LGA1150 ,3.2,3.6,4,4,84,5222,2007,0,0,1,0,1
Core i5-6440HQ ,,LGA 1151 ,2.6,3.5,4,4,45,5211,2040,0,1,0,0,1
Xeon E3-1240 ,572.59,LGA1155 ,3.3,3.7,8,4,80,5206,1718,0,0,1,0,1
Core i7-3615QE ,,BGA1224 ,2.3,3.3,8,4,45,5174,1724,0,1,0,0,1
Core i7-4702MQ ,218.45,FCPGA946 ,2.2,3.2,8,4,37,5173,1710,0,1,0,0,1
Core i5-4570 ,297.95,LGA1150 ,3.2,3.6,4,4,84,5160,2022,1,0,0,0,1
Core i5-6400 ,135.0,LGA 1151 ,2.7,3.3,4,4,65,5149,1968,1,0,0,0,1
Opteron 6272,193.59,G34 ,2.1,3.0,1,1,115,5146,737,0,0,1,1,0
Xeon X5672 ,44.99,LGA1366 ,3.2,3.6,8,4,95,5143,1537,0,0,1,0,1
FX-8310 Eight-Core,,AM3+ ,3.4,4.3,8,8,95,5142,1490,1,0,0,1,0
Xeon E5-2420 ,380.01,LGA1356 ,1.9,2.4,12,6,95,5136,1110,0,0,1,0,1
FX-8370E Eight-Core,310.09,AM3+ ,3.3,4.3,8,8,95,5113,1440,1,0,0,1,0
Core i5-7300HQ ,,,2.5,3.5,4,4,45,5110,1975,0,1,0,0,1
Core i5-4590S ,299.95,LGA1150 ,3.0,3.7,4,4,65,5104,2069,1,0,0,0,1
Core i7-3610QM ,399.99,PGA988B ,2.3,3.3,8,4,45,5099,1642,0,1,0,0,1
Core i7-3630QM ,229.0,rPGA988B ,2.4,3.4,8,4,45,5096,1685,0,1,0,0,1
Opteron 6328,1818.0,G34 ,3.2,3.8,8,8,115,5084,1376,0,0,1,1,0
Xeon Bronze 3204 ,246.99,FCLGA3647 ,1.9,1.9,6,6,85,5080,1093,0,0,1,0,1
Core i5-4670S ,213.0,FCLGA1150 ,3.1,3.8,4,4,65,5069,2119,1,0,0,0,1
Xeon E3-1240L v3 ,,FCLGA1150 ,2.0,3.0,8,4,25,5062,1695,0,0,1,0,1
Xeon E3-1220 v3 ,399.95,LGA1150 ,3.1,3.4,4,4,80,5062,1965,0,0,1,0,1
FX-8150 Eight-Core,128.02,AM3+ ,3.6,4.2,8,8,125,5055,1391,1,0,0,1,0
Core i5-4670K CPT ,,LGA1150 ,3.4,3.8,4,4,84,5034,2042,1,0,0,0,1
Xeon E5-2430L v2 ,,LGA 1356 ,2.4,2.8,12,6,60,5014,668,0,0,1,0,1
Xeon E3-1230 ,417.95,LGA1155 ,3.2,3.6,8,4,80,5013,1675,0,0,1,0,1
Xeon E3-1235L v5 ,,FCLGA1151 ,2.0,3.0,4,4,25,5013,1761,0,0,1,0,1
Xeon E3-1290 ,885.0,LGA1155 ,3.6,4.0,8,4,95,4988,1833,0,0,1,0,1
Xeon E5-1607 v3 ,,LGA2011-v3 ,3.1,3.1,4,4,140,4982,1811,0,0,1,0,1
Core i7-3615QM ,,BGA1224 ,2.3,3.3,8,4,45,4974,1647,0,1,0,0,1
Core i5-4570S ,179.98,LGA1150 ,2.9,3.6,4,4,65,4964,2015,1,0,0,0,1
Xeon E5645 ,94.08,LGA1366 ,2.4,2.7,12,6,80,4963,1160,0,0,1,0,1
FX-8140 Eight-Core,148.86,AM3+ ,3.2,4.1,8,8,95,4953,1336,1,0,0,1,0
Core i5-3570K ,110.0,LGA1155 ,3.4,3.8,4,4,77,4944,2049,1,0,0,0,1
Core i7-4700EQ ,,FCBGA1364 ,2.4,3.4,8,4,47,4941,1842,1,0,0,0,1
Core i7-4712HQ ,,FCBGA1364 ,2.3,3.3,8,4,37,4938,1623,0,1,0,0,1
Core i5-10210Y ,,UTFCBGA1377 ,1.0,4.0,8,4,7,4918,2108,0,1,0,0,1
FX-8320E Eight-Core,199.99,AM3+ ,3.2,4.0,8,8,95,4915,1395,1,0,0,1,0
Core i7-4765T ,498.95,FCLGA1150 ,2.0,3.0,8,4,35,4913,1572,1,0,0,0,1
Athlon 300GE,,AM4 ,3.4,3.4,4,2,35,4905,2119,1,0,0,1,0
Xeon Bronze 3104 ,232.01,FCLGA3647 ,1.7,1.7,6,6,85,4887,986,0,0,1,0,1
Core i5-3570 ,147.39,LGA1155 ,3.4,3.8,4,4,77,4886,2041,1,0,0,0,1
Xeon E5649 ,89.95,LGA1366 ,2.5,2.9,12,6,80,4881,1170,0,0,1,0,1
Core i3-7320 ,182.72,FCLGA1151 ,4.1,4.1,4,2,51,4862,2430,1,0,0,0,1
Opteron 6366 HE,29.99,,1.8,2.3,1,1,85,4858,793,0,0,1,1,0
Xeon L5640 ,89.95,LGA1366 ,2.8,2.8,12,6,60,4841,1155,0,0,1,0,1
Xeon E5-1603 v4 ,,FCLGA2011-3 ,2.8,2.8,4,4,140,4838,1752,0,0,1,0,1
Core i5-7442EQ ,250.0,FCBGA1440 ,2.1,2.9,4,4,25,4834,1819,0,1,0,0,1
Core i5-4570R ,,FCBGA1364 ,2.7,3.2,4,4,65,4820,1863,1,0,0,0,1
Core i5-6500T ,79.3,LGA 1151 ,2.5,3.1,4,4,35,4813,1857,1,0,0,0,1
Core i5-4460 ,207.65,LGA1150 ,3.2,3.4,4,4,84,4808,1897,1,0,0,0,1
Core i3-7350K ,148.99,FCLGA1151 ,4.2,4.2,4,2,60,4804,2431,1,0,0,0,1
Core i5-3550 ,299.99,LGA1155 ,3.3,3.7,4,4,77,4798,2005,1,0,0,0,1
Xeon D-1518 ,,FCBGA1667 ,2.2,2.2,8,4,35,4784,1256,0,0,1,0,1
Core i7-3612QE ,,BGA1224 ,2.1,3.1,8,4,35,4783,1658,0,1,0,0,1
Core i3-7300 ,159.99,FCLGA1151 ,4.0,4.0,4,2,51,4778,2492,1,0,0,0,1
Xeon E3-1230L v3 ,448.5,LGA1150 ,1.8,2.8,8,4,25,4753,1531,0,0,1,0,1
Opteron 6220,196.83,Socket G34 ,3.0,3.6,8,8,115,4753,1203,0,0,1,1,0
Core i5-4470S ,,LGA1150 ,3.0,3.0,4,4,65,4742,1756,1,0,0,0,1
Core i7-3610QE ,,rPGA988B ,2.3,3.3,8,4,45,4730,1653,0,1,0,0,1
Xeon E3-1235 ,234.0,LGA1155 ,3.2,3.6,8,4,95,4725,1562,0,0,1,0,1
Core i5-4430 ,150.09,LGA1150 ,3.0,3.2,4,4,84,4711,1831,1,0,0,0,1
Athlon Silver PRO 3125GE,,AM4 ,3.4,3.4,4,2,35,4701,2067,1,0,0,1,0
Xeon E5-2603 v4 ,224.2,FCLGA2011-3 ,1.7,1.7,6,6,85,4695,1046,0,0,1,0,1
Xeon E3-1225 V2 ,68.99,LGA1155 ,3.2,3.6,4,4,77,4683,1909,0,0,1,0,1
Xeon E3-1220 V2 ,399.95,LGA1155 ,3.1,3.5,4,4,69,4680,1923,0,0,1,0,1
 C3758 ,193.0,FCBGA1310 ,2.2,2.2,8,8,25,4675,857,0,0,1,1,0
Core i5-6300HQ ,,LGA 1151 ,2.3,3.2,4,4,45,4671,1779,0,1,0,0,1
Opteron 4284,59.99,Socket C32 ,3.0,3.3,8,8,95,4665,1181,0,0,1,1,0
Core i5-4440 ,299.99,FCLGA1150 ,3.1,3.3,4,4,84,4654,1855,1,0,0,0,1
Xeon E5-1410 ,44.99,LGA1356 ,2.8,3.2,8,4,80,4634,1484,0,0,1,0,1
Core i5-3570S ,51.09,LGA1155 ,3.1,3.8,4,4,65,4633,2002,1,0,0,0,1
Core i5-3470 ,70.7,LGA1155 ,3.2,3.6,4,4,77,4629,1932,1,0,0,0,1
Athlon 240GE,119.14,AM4 ,3.5,3.5,4,2,35,4628,2003,1,0,0,1,0
Core i5-7400T ,330.73,LGA1151 ,2.4,3.0,4,4,35,4611,1812,1,0,0,0,1
Ryzen Embedded R1606G,,FP5 ,2.6,3.5,4,2,15,4544,2044,1,0,0,1,0
Core i7-2860QM ,182.01,BGA1224 ,2.5,3.6,8,4,45,4541,1549,0,1,0,0,1
Xeon X5667 ,18.04,LGA1366 ,3.1,3.5,8,4,95,4534,1452,0,0,1,0,1
Xeon X5647 ,19.93,LGA1366 ,2.9,3.2,8,4,130,4522,1368,0,0,1,0,1
Core i5-6442EQ ,250.0,FCBGA1440 ,1.9,2.7,4,4,25,4519,1688,0,1,0,0,1
Core2 Quad Q9500 ,49.01,LGA775 ,2.8,2.8,4,4,95,2181,1216,1,0,0,0,1
Pentium 4415U ,,BGA1356 ,2.3,2.3,4,2,15,2178,1259,0,1,0,0,1
Core i7-920XM ,398.95,PGA988B ,2.0,3.2,8,4,55,2178,1192,0,1,0,0,1
 C2750 ,,BGA 1283 ,2.4,2.6,8,8,20,2174,291,0,0,1,1,0
Core m7-6Y75 ,,FCBGA1515 ,1.2,3.1,4,2,7,2170,1359,0,1,0,0,1
Core i3-5020U ,459.0,FCBGA1168 ,2.2,2.2,4,2,15,2169,1254,0,1,0,0,1
Core i3-3220 ,19.99,LGA1155 ,3.3,3.3,4,2,55,2167,1731,1,0,0,0,1
Core i3-2125 ,143.01,LGA1155 ,3.3,3.3,4,2,65,2167,1550,1,0,0,0,1
Core M-5Y71 ,281.0,FCBGA1234 ,1.2,2.9,4,2,4.5,2158,1281,0,1,0,0,1
Xeon X3350 ,59.99,LGA775 ,2.7,2.7,4,4,95,2158,1156,0,0,1,0,1
A8-7200P,,FP3 ,2.4,3.3,4,4,35,2156,1079,0,1,0,1,0
Phenom II X4 925,29.95,AM3 ,2.8,2.8,4,4,95,2148,1151,1,0,0,1,0
 E3950 ,,BGA1296 ,1.6,2.0,4,4,12,2147,748,0,1,0,1,0
Athlon II X4 641 Quad-Core,79.86,FM1 ,2.8,2.8,4,4,100,2143,1192,1,0,0,1,0
Core i7-3517UE ,,BGA1023 ,1.7,2.8,4,2,17,2141,1205,0,1,0,0,1
Pentium G3460 ,288.2,LGA1150 ,3.5,3.5,2,2,53,2133,1927,1,0,0,0,1
Pentium G3440 ,159.94,LGA1150 ,3.3,3.3,2,2,53,2129,1895,1,0,0,0,1
Pentium G3430 ,89.99,FCLGA1150 ,3.3,3.3,2,2,54,2129,1891,1,0,0,0,1
Pentium N4200 ,228.71,FCBGA1296 ,1.1,2.5,4,4,6,2128,854,0,1,0,0,1
A8-3850 APU,126.41,FM1 ,2.9,2.9,4,4,100,2119,1182,1,0,0,1,0
Core i3-5010U ,264.99,FCBGA1168 ,2.1,2.1,4,2,15,2114,1231,0,1,0,0,1
Athlon II X4 640,64.02,AM3 ,3.0,3.0,4,4,95,2112,1206,1,0,0,1,0
Core i5-2415M ,,BGA1023 ,2.3,2.9,4,2,35,2111,1288,1,0,0,0,1
Core i7-3517U ,,BGA1023 ,1.9,3.0,4,2,17,2109,1275,0,1,0,0,1
Celeron G3930T ,39.95,FCLGA1151 ,2.7,2.7,2,2,35,2109,1650,1,0,0,0,1
Phenom II X4 B25,,AM2+/AM3 ,2.7,2.7,4,4,nan,2108,1040,1,0,0,1,0
Core i5-3337U ,225.0,BGA1023 ,1.8,2.7,4,2,17,2107,1297,0,1,0,0,1
Pentium G3440T ,,LGA1150 ,2.8,2.8,2,2,35,2107,1615,1,0,0,0,1
Phenom II X4 B93,,AM3 ,2.8,2.8,4,4,95,2104,1141,1,0,0,1,0
Athlon II X4 631 Quad-Core,34.89,FM1 ,2.6,2.6,4,4,100,2095,1121,1,0,0,1,0
A6-3650 APU,23.89,FM1 ,2.6,2.6,4,4,100,2089,1106,1,0,0,1,0
Athlon II X4 635,59.95,AM3 ,2.9,2.9,4,4,95,2084,1182,1,0,0,1,0
Opteron 1389,,AM2 ,2.9,2.9,4,4,75,2079,1102,0,0,1,1,0
Core2 Quad Q9400 ,38.01,LGA775 ,2.7,2.7,4,4,95,2077,1146,1,0,0,0,1
Pentium 4405U ,,FCBGA1356 ,2.1,2.1,4,2,15,2076,1208,0,1,0,0,1
Opteron 2384,1184.0,F (1207) ,2.7,2.7,4,4,75,2074,1074,0,0,1,1,0
Core i3-5015U ,,FCBGA1168 ,2.1,2.1,4,2,15,2074,1138,0,1,0,0,1
Athlon II X4 630,48.04,AM3 ,2.8,2.8,4,4,95,2072,1137,1,0,0,1,0
A10-7400P,,FP3 ,2.5,3.4,4,4,35,2069,1066,0,1,0,1,0
Pentium G3260 ,80.0,LGA1150 ,3.3,3.3,2,2,53,2068,1880,1,0,0,0,1
Core i7-640M ,189.95,BGA1288 ,3.5,3.5,4,2,35,2063,1393,0,1,0,0,1
Xeon L5420 ,27.5,LGA771 ,2.5,2.5,4,4,50,2061,1100,0,0,1,0,1
Opteron 3250 HE,99.0,AM3+ ,2.5,3.5,4,4,45,2061,1003,0,0,1,1,0
Pentium G2140 ,45.0,LGA1155 ,3.3,3.3,2,2,55,2059,1837,1,0,0,0,1
Opteron 4162 EE,19.99,F (1207) ,1.7,1.7,6,6,35,2058,382,0,0,1,1,0
Xeon X3230 ,349.95,LGA775 ,2.7,2.7,4,4,95,2056,1082,0,0,1,0,1
Phenom II X4 920,27.89,AM2+ ,2.8,2.8,4,4,125,2051,1062,1,0,0,1,0
Xeon E3-1220L ,,LGA1155 ,2.2,3.4,4,2,20,2050,1421,0,0,1,0,1
Core i3-3210 ,199.0,LGA1155 ,3.2,3.2,4,2,55,2046,1677,1,0,0,0,1
A6-3670 APU,610.0,FM1 ,2.7,2.7,4,4,100,2045,1121,1,0,0,1,0
Pentium G3420T ,159.99,LGA1150 ,2.7,2.7,2,2,35,2044,1563,1,0,0,0,1
Core i5-2450M ,68.02,BGA1023 ,2.5,3.1,4,2,35,2041,1258,0,1,0,0,1
Core2 Quad Q6700 ,44.04,LGA775 ,2.7,2.7,4,4,105,2041,1083,1,0,0,0,1
Core2 Quad Q9505 ,190.0,LGA775 ,2.8,2.8,4,4,95,2039,1185,1,0,0,0,1
Pentium G3258 ,99.0,FCLGA1150 ,3.2,3.2,2,2,53,2039,1826,1,0,0,0,1
Core2 Quad Q9450 ,35.7,LGA775 ,2.7,2.7,4,4,95,2035,1136,1,0,0,0,1
Core i3-5005U ,,FCBGA1168 ,2.0,2.0,4,2,15,2035,1167,0,1,0,0,1
Phenom II X4 820,64.95,AM3 ,2.8,2.8,4,4,95,2034,1125,1,0,0,1,0
Celeron G3900E ,107.0,FCBGA1440 ,2.4,2.4,2,2,35,2034,1499,0,1,0,0,1
Core i3-2102 ,58.0,FCLGA1155 ,3.1,3.1,4,2,65,2029,1400,1,0,0,0,1
Xeon E7- 2830 ,1779.0,LGA1567 ,2.1,2.4,4,4,105,2027,559,0,0,1,0,1
Athlon II X4 638 Quad-Core,26.49,FM1 ,2.7,2.7,4,4,65,2026,1182,1,0,0,1,0
Core i5-655K ,59.99,LGA1156 ,3.2,3.5,4,2,73,2017,1446,1,0,0,0,1
Pentium G3450T ,,LGA1150 ,2.9,2.9,2,2,35,2016,1135,1,0,0,0,1
Core m5-6Y54 ,,FCBGA1515 ,1.1,2.7,4,2,7,2013,1205,0,1,0,0,1
Core2 Extreme Q9200 ,,,2.4,2.4,4,4,nan,2011,1080,1,0,0,0,1
A8-3820 APU,44.95,FM1 ,2.5,2.8,4,4,65,2010,1097,1,0,0,1,0
Phenom II X4 910e,69.9,AM3 ,2.6,2.6,4,4,65,2006,1069,1,0,0,1,0
Core2 Quad Q8400 ,229.95,LGA775 ,2.7,2.7,4,4,95,1999,1146,1,0,0,0,1
Core i7-2655LE ,,BGA1023 ,2.2,2.9,4,2,25,1999,1231,1,0,0,0,1
Core i5-2430M ,75.02,PGA988B ,2.4,3.0,4,2,35,1998,1249,0,1,0,0,1
A10-5757M APU,,FP2 ,2.5,3.5,4,4,35,1997,1195,0,1,0,1,0
Opteron 2427,55.0,F (1207) ,2.2,2.2,6,6,75,1995,386,0,0,1,1,0
Core i3-2130 ,87.66,LGA1155 ,3.4,3.4,4,2,65,1993,1604,1,0,0,0,1
Pentium G3260T ,89.99,LGA1150 ,2.9,2.9,2,2,35,1993,1661,1,0,0,0,1
Pentium G3420 ,64.46,FCLGA1150 ,3.2,3.2,2,2,54,1990,1814,1,0,0,0,1
Xeon X3320 ,229.5,LGA775 ,2.5,2.5,4,4,95,1986,1097,0,0,1,0,1
Xeon E5420 ,24.99,LGA771 ,2.5,2.5,4,4,80,1986,1080,0,0,1,0,1
Athlon X4 750 Quad Core,,FM2 ,3.4,3.9,4,4,65,1986,1338,1,0,0,1,0
Core i3-3240T ,,LGA1155 ,2.9,2.9,4,2,35,1981,1517,1,0,0,0,1
Core i3-3220T ,263.95,LGA1155 ,2.8,2.8,4,2,35,1980,1533,1,0,0,0,1
Core i7-2637M ,,BGA1023 ,1.7,2.8,4,2,17,1980,1288,0,1,0,0,1
Xeon X5355 ,37.99,LGA771 ,2.7,2.7,4,4,120,1979,1060,0,0,1,0,1
Core M-5Y31 ,,FCBGA1234 ,0.9,2.4,4,2,4.5,1972,1082,0,1,0,0,1
Core i7-620M ,100.01,BGA1288 ,3.3,3.3,4,2,35,1971,1293,0,1,0,0,1
Celeron G3900TE ,42.0,FCLGA1151 ,2.3,2.3,2,2,35,1967,1442,0,1,0,0,1
Xeon L5410 ,100.08,LGA771 ,2.3,2.3,4,4,50,1956,1025,0,0,1,0,1
Celeron N3450 ,185.08,FCBGA1296 ,1.1,2.2,4,4,6,1955,768,0,1,0,0,1
Core2 Quad Q9300 ,71.0,LGA775 ,2.5,2.5,4,4,95,1955,1078,1,0,0,0,1
 E3900 ,,,1.6,1.6,4,4,nan,1953,675,0,1,0,1,0
Core i5-580M ,99.95,BGA1288 ,3.3,3.3,4,2,35,1949,1313,0,1,0,0,1
Core i3-4120U ,,FCBGA1168 ,2.0,2.0,4,2,15,1948,1177,0,1,0,0,1
Celeron J4025 ,,FCBGA1090 ,2.0,2.9,2,2,10,1946,1335,1,0,0,0,1
Core i5-3317U ,225.0,BGA1023 ,1.7,2.6,4,2,17,1942,1234,0,1,0,0,1
 E3940 ,,,1.6,1.8,4,4,9.5,1940,681,0,1,0,1,0
Pentium G3250 ,30.0,LGA1150 ,3.2,3.2,2,2,53,1939,1813,1,0,0,0,1
PRO A6-9500,74.0,AM4 ,3.5,3.8,2,2,65,1938,1666,1,0,0,1,0
Xeon X6550 ,,LGA1567 ,2.0,2.4,4,4,130,1936,390,0,0,1,0,1
Xeon E5603 ,129.04,LGA1366 ,1.6,1.6,4,4,80,1935,712,0,0,1,0,1
Core i5-2410M ,68.07," 	FCBGA1023, PPG ",2.3,2.9,4,2,35,1934,1226,0,1,0,0,1
Athlon II X4 620,54.95,AM3 ,2.6,2.6,4,4,95,1932,1054,1,0,0,1,0
Xeon E5507 ,456.91,LGA1366 ,2.3,2.3,4,4,80,1928,997,0,0,1,0,1
Xeon X3330 ,210.0,LGA775 ,2.7,2.7,4,4,95,1928,1160,0,0,1,0,1
Pentium G2120 ,74.99,FCLGA1155 ,3.1,3.1,2,2,55,1926,1716,1,0,0,0,1
Xeon E5410 ,88.0,LGA771 ,2.3,2.3,4,4,80,1923,1024,0,0,1,0,1
Core2 Quad Q9100 ,385.89,PGA478 ,2.3,2.3,4,4,45,1923,1004,0,1,0,0,1
Opteron 3320 EE,646.0,AM3+ ,1.9,2.5,4,4,25,1918,838,0,0,1,1,0
FX-7500 APU,,FP3 ,2.1,3.3,4,4,19,1918,958,0,1,0,1,0
Core i3-4025U ,,FCBGA1168 ,1.9,1.9,4,2,15,1918,1080,0,1,0,0,1
Opteron X2170 APU,,FT3 ,2.4,2.4,4,4,25,1911,832,0,0,1,1,0
Core i7-840QM ,289.97,PGA988A ,1.9,3.2,8,4,45,1908,1135,0,1,0,0,1
Core i5-3439Y ,,BGA1023 ,1.5,2.3,4,2,13,1907,1197,1,0,0,0,1
Core i5-4422E ,266.0,FCBGA1364 ,1.8,2.9,4,2,25,1907,1048,0,1,0,0,1
Core M-5Y10a ,,FCBGA1234 ,0.8,2.0,4,2,4.5,1905,993,0,1,0,0,1
Core i3-2120 ,135.0,LGA1155 ,3.3,3.3,4,2,65,1904,1523,1,0,0,0,1
Athlon II X4 615e,59.0,AM3 ,2.5,2.5,4,4,45,1904,1076,1,0,0,1,0
Opteron 2419 EE,,F (1207) ,1.8,1.8,6,6,60,1902,396,0,0,1,1,0
A10-5750M APU,92.86,FS1r2 ,2.5,3.5,4,4,35,1902,1088,0,1,0,1,0
Opteron 1385,45.0,"AM2+,AM3 ",2.7,2.7,4,4,115,1898,1035,0,0,1,1,0
A10 PRO-7350B APU,,FP3 ,2.1,3.3,4,4,19,1896,926,0,1,0,1,0
Celeron G1850 ,79.99,FCLGA1150 ,2.9,2.9,2,2,54,1895,1692,1,0,0,0,1
Athlon II X3 460,29.95,AM3 ,3.4,3.4,3,3,95,1890,1381,1,0,0,1,0
Core i5-2510E ,,PGA988B ,2.5,3.1,4,2,35,1889,1183,0,1,0,0,1
PRO A6-8550B,,FM2+ ,3.7,4.0,2,2,65,1885,1623,1,0,0,1,0
A10-4600M APU,99.95,FS1r2 ,2.3,3.2,4,4,35,1883,1058,0,1,0,1,0
Core i5-2515E ,,BGA1023 ,2.5,3.1,4,2,35,1882,1189,1,0,0,0,1
Core i7-3555LE ,,BGA1023 ,2.5,3.2,4,2,25,1880,980,0,1,0,0,1
Core i5-2435M ,,BGA1023 ,2.4,3.0,4,2,35,1878,1167,0,1,0,0,1
A6-9500,124.99,AM4 ,3.5,3.8,2,2,65,1877,1638,1,0,0,1,0
Core i3-4030U ,,FCBGA1168 ,1.9,1.9,4,2,15,1874,1029,0,1,0,0,1
Pentium G3220 ,191.27,FCLGA1150 ,3.0,3.0,2,2,54,1871,1702,1,0,0,0,1
Core M-5Y10c ,281.0,FCBGA1234 ,0.8,2.0,4,2,4.5,1870,1081,0,1,0,0,1
A6-7480,43.99,FM2+ ,3.5,3.8,2,2,65,1868,1604,1,0,0,1,0
A8-5550M APU,,FS1r2 ,2.1,3.1,4,4,35,1867,1073,0,1,0,1,0
Pentium G2130 ,44.99,FCLGA1155 ,3.2,3.2,2,2,55,1866,1750,1,0,0,0,1
Opteron 2378,14.49,F (1207) ,2.4,2.4,4,4,75,1864,936,0,0,1,1,0
Athlon II X4 610e,69.99,AM3 ,2.4,2.4,4,4,45,1863,1014,1,0,0,1,0
Athlon 5370 APU,598.68,"AM1,FS1B ",2.2,2.2,4,4,25,1857,746,1,0,0,1,0
Pentium G3240 ,96.92,FCLGA1150 ,3.1,3.1,2,2,53,1855,1735,1,0,0,0,1
Core i5-4230U ,,FCBGA1364 ,1.9,2.9,4,2,15,1853,1620,0,1,0,0,1
Core i3-4110U ,,,1.9,1.9,4,2,nan,1853,1119,0,1,0,0,1
Core2 Extreme Q9300 ,,PGA478 ,2.5,2.5,4,4,45,1853,1065,1,0,0,0,1
Pentium 1403 ,,LGA1356 ,2.6,2.6,2,2,80,1851,990,0,0,1,0,1
Core i3-2310E ,225.0,FCBGA1023 ,2.1,2.1,4,2,35,1845,733,0,1,0,0,1
Xeon E5506 ,53.01,LGA1366 ,2.1,2.1,4,4,80,1845,936,0,0,1,0,1
Phenom II X4 805,173.99,AM3 ,2.5,2.5,4,4,95,1844,999,1,0,0,1,0
A6-9500E,164.0,AM4 ,3.0,3.4,2,2,35,1841,1478,1,0,0,1,0
GX-424CC SOC,,FT3b ,2.4,2.4,4,4,25,1839,811,0,1,0,1,0
Athlon II X3 455,139.95,AM3 ,3.3,3.3,3,3,95,1838,1363,1,0,0,1,0
Xeon X3323 ,19.36,LGA775 ,2.5,2.5,4,4,80,1837,1059,0,0,1,0,1
Pentium G3450 ,22.95,FCLGA1150 ,3.4,3.4,2,2,53,1836,1676,1,0,0,0,1
Core i5-560M ,71.97,BGA1288 ,3.2,3.2,4,2,35,1836,1222,0,1,0,0,1
Athlon 5350 APU,69.68,"AM1,FS1B ",2.1,2.1,4,4,25,1832,710,1,0,0,1,0
A8-3800 APU,109.95,FM1 ,2.4,2.7,4,4,65,1825,1037,1,0,0,1,0
Phenom II X4 B15e,,AM2+/AM3 ,2.5,2.5,4,4,nan,1825,1069,1,0,0,1,0
Core i3-3130M ,,BGA1023 ,2.6,2.6,4,2,35,1824,1067,0,1,0,0,1
Core i3-2330E ,,rPGA988 ,2.2,2.2,4,2,35,1823,1063,1,0,0,0,1
Core M-5Y51 ,,FCBGA1234 ,1.1,2.6,4,2,4.5,1821,1102,0,1,0,0,1
Xeon X3220 ,51.0,LGA775 ,2.4,2.4,4,4,105,1819,942,0,0,1,0,1
Core i7-610E ,,BGA1288 ,2.5,3.2,4,2,35,1818,1400,0,1,0,0,1
Core i5-4302Y ,,FCBGA1168 ,1.6,2.3,4,2,11.5,1817,1084,1,0,0,0,1
A8-6500T APU,59.95,FM2 ,2.1,3.1,4,4,45,1816,1048,1,0,0,1,0
Core i3-2105 ,114.99,LGA1155 ,3.1,3.1,4,2,65,1814,1274,1,0,0,0,1
Xeon E5345 ,39.99,LGA771 ,2.3,2.3,4,4,80,1814,947,0,0,1,0,1
Core i7-2677M ,,BGA1023 ,1.8,2.9,4,2,17,1799,1105,0,1,0,0,1
Phenom II X940 Quad-Core,,S1 ,2.4,2.4,4,4,45,1797,785,0,1,0,1,0
Opteron 1381,,AM3 ,2.5,2.5,4,4,75,1797,1011,0,0,1,1,0
GX-420MC SOC,,FTB3b ,2.0,2.0,4,4,17.5,1796,695,0,1,0,1,0
A8-7410 APU,,,2.2,2.5,4,4,25,1796,814,0,1,0,1,0
Core i7-820QM ,129.0,PGA988A ,1.7,3.1,8,4,45,1795,1070,0,1,0,0,1
Core2 Quad Q8300 ,49.99,LGA775 ,2.5,2.5,4,4,95,1793,1048,1,0,0,0,1
Core i3-2100 ,25.0,LGA1155 ,3.1,3.1,4,2,65,1791,1424,1,0,0,0,1
Pentium G3240T ,,LGA1150 ,2.7,2.7,2,2,35,1788,1556,1,0,0,0,1
A6-3620 APU,22.49,FM1 ,2.2,2.5,4,4,65,1785,985,1,0,0,1,0
Phenom X4 Quad-Core GP-9730,,AM2+ (940-pin) ,2.4,2.4,4,4,nan,1784,957,1,0,0,1,0
A4-3320M APU,36.9,FS1 ,2.0,2.6,2,2,35,877,837,0,1,0,1,0
Pentium N3510 ,,FCBGA1170 ,2.0,2.0,4,4,7.5,877,532,0,1,0,0,1
Turion II N550 Dual-Core,,S1 ,2.6,2.6,2,2,35,877,891,0,1,0,1,0
E2-9000,,,1.8,2.2,2,2,10,876,751,0,1,0,1,0
on 64 Dual Core 5600+,,AM2 ,2.9,2.9,2,2,65,875,993,1,0,0,1,0
Athlon II X2 4450e,,AM2 ,2.3,2.3,2,2,45,867,106,1,0,0,1,0
Core i3-2357M ,,,1.3,1.3,4,2,17,866,562,0,1,0,0,1
Core2 Duo L9600 ,,BGA956 ,2.1,2.1,2,2,17,865,837,0,1,0,0,1
Pentium P6000 ,,PGA988 ,1.9,1.9,2,2,35,865,782,0,1,0,0,1
Core i3-2365M ,,BGA1023 ,1.4,1.4,4,2,17,861,630,0,1,0,0,1
Core i3-2377M ,,BGA1023 ,1.5,1.5,4,2,17,861,651,0,1,0,0,1
Turion 64 X2 Mobile TL-68,90.0,S1 ,2.4,2.4,2,2,35,861,887,0,1,0,1,0
Celeron E3200 ,19.99,LGA775 ,2.4,2.4,2,2,65,860,992,1,0,0,0,1
E2-3200 APU,7.99,FM1 ,2.4,2.4,2,2,65,859,950,1,0,0,1,0
E2-9000e,,,1.5,2.0,2,2,6,857,749,0,1,0,1,0
Xeon 5140 ,24.99,LGA771 ,2.3,2.3,2,2,65,857,870,0,0,1,0,1
Turion II N530 Dual-Core,30.0,S1 ,2.5,2.5,2,2,35,855,968,0,1,0,1,0
Athlon 64 X2 Dual Core 5400+,52.99,AM2 ,2.8,2.8,2,2,65,855,981,1,0,0,1,0
on 64 Dual Core 5000+,,,2.6,2.6,2,2,89,850,924,1,0,0,1,0
Pentium E5200 ,49.94,LGA775 ,2.5,2.5,2,2,65,850,100,1,0,0,0,1
Pentium 3560Y ,,BGA1168 ,1.2,1.2,2,2,11.5,849,700,0,1,0,0,1
Pentium E2220 ,37.64,LGA775 ,2.4,2.4,2,2,65,846,938,1,0,0,0,1
A4-3310MX APU,,FS1 ,2.1,2.3,2,2,45,844,849,0,1,0,1,0
Core2 Duo P8600 ,49.18,BGA479 ,2.4,2.4,2,2,25,841,950,0,1,0,0,1
TurionX2 Ultra DualCore Mobile ZM-85,,S1 ,2.3,2.3,2,2,35,841,686,0,1,0,1,0
Pentium P6100 ,28.44,PGA988 ,2.0,2.0,2,2,35,840,827,0,1,0,0,1
Pentium B960 ,38.68,PGA988 ,2.2,2.2,2,2,35,840,905,0,1,0,0,1
Opteron 275,11.46,940 ,2.2,2.2,2,2,95,839,445,0,0,1,1,0
Core2 Duo P8800 ,56.99,BGA479 ,2.7,2.7,2,2,25,839,104,0,1,0,0,1
Xeon E5205 ,14.27,LGA771 ,1.9,1.9,2,2,65,838,788,0,0,1,0,1
Xeon E5502 ,95.0,LGA1366 ,1.9,1.9,2,2,80,837,799,0,0,1,0,1
Core i5-430UM ,,BGA1288 ,1.7,1.7,4,2,18,836,630,0,1,0,0,1
Core2 Duo T9550 ,298.95,BGA479 ,2.7,2.7,2,2,35,835,949,0,1,0,0,1
Core2 Duo P8400 ,297.01,BGA479 ,2.3,2.3,2,2,25,828,928,0,1,0,0,1
Pentium B940 ,29.94,PGA988 ,2.0,2.0,2,2,35,828,856,0,1,0,0,1
Athlon Dual Core 5000B,95.0,AM2 ,2.6,2.6,2,2,65,827,933,1,0,0,1,0
Athlon Dual Core 5400B,,AM2 ,2.8,2.8,2,2,65,826,969,1,0,0,1,0
Athlon 7550 Dual-Core,14.95,AM2+ ,2.5,2.5,2,2,95,824,894,1,0,0,1,0
Xeon 3050 ,157.95,LGA775 ,2.1,2.1,2,2,65,822,474,0,0,1,0,1
Xeon 3065 ,20.9,LGA775 ,2.3,2.3,2,2,65,822,732,0,0,1,0,1
Phenom II P650 Dual-Core,35.0,S1 ,2.6,2.6,2,2,35,821,889,0,1,0,1,0
Turion II P560 Dual-Core,,S1 ,2.5,2.5,2,2,25,818,931,0,1,0,1,0
Athlon 64 X2 Dual Core 5200+,60.0,AM2 ,2.7,2.7,2,2,65,817,940,1,0,0,1,0
Celeron P4500 ,,PGA988A ,1.9,1.9,2,2,35,816,707,0,1,0,0,1
A4-3330MX APU,,FS1 uPGA ,2.2,2.6,2,2,45,816,102,0,1,0,1,0
A4-4355M APU,,FP2 ,1.9,2.4,2,2,17,816,815,0,1,0,1,0
Turion II Ultra Dual-Core Mobile M620,,S1 ,2.5,2.5,2,2,35,814,945,0,1,0,1,0
Core2 Duo T7500 ,42.99,BGA479 ,2.2,2.2,2,2,35,812,864,0,1,0,0,1
Turion II Dual-Core Mobile M500,,S1 ,2.2,2.2,2,2,35,810,881,0,1,0,1,0
Celeron 2957U ,,FCBGA1168 ,1.4,1.4,2,2,15,809,776,0,1,0,0,1
Core2 Duo E6540 ,,LGA775 ,2.3,2.3,2,2,65,808,969,1,0,0,0,1
Celeron E3400 ,29.0,LGA775 ,2.6,2.6,2,2,65,808,977,1,0,0,0,1
A4-3305M APU,20.81,FS1 ,1.9,2.5,2,2,35,807,893,0,1,0,1,0
Opteron 1214 HE,,AM2 ,2.2,2.2,2,2,65,806,811,0,0,1,1,0
Celeron E3300 ,44.0,LGA775 ,2.5,2.5,2,2,65,805,103,1,0,0,0,1
Xeon E5503 ,287.01,LGA1366 ,2.0,2.0,2,2,80,804,845,0,0,1,0,1
Athlon64 X2 Dual Core 4600+,,AM2 ,2.4,2.4,2,2,110,803,755,1,0,0,1,0
Core2 Duo E4700 ,26.99,LGA775 ,2.6,2.6,2,2,65,803,985,1,0,0,0,1
Pentium T4300 ,98.95,PGA478 ,2.1,2.1,2,2,35,802,859,0,1,0,0,1
Turion II P540 Dual-Core,49.95,S1 ,2.4,2.4,2,2,35,801,881,0,1,0,1,0
Core2 Duo E6400 ,19.89,LGA775 ,2.1,2.1,2,2,65,800,851,1,0,0,0,1
A6-4455M APU,,FP2 ,2.1,2.6,2,2,17,799,807,0,1,0,1,0
Celeron B830 ,49.99,rPGA988B ,1.8,1.8,2,2,35,798,843,0,1,0,0,1
Athlon 64 X2 Dual Core 5800+,29.95,,3.0,3.0,2,2,89,797,100,1,0,0,1,0
Athlon Dual Core 5200B,,AM2 ,2.7,2.7,2,2,65,796,953,1,0,0,1,0
Athlon 5000 Dual-Core,70.99,"AM2,AM2+ ",2.2,2.2,2,2,65,796,853,1,0,0,1,0
 Z3775D ,,UTFCBGA1380 ,1.5,2.4,4,4,4.4,794,646,0,1,0,1,0
Turion II P520 Dual-Core,,S1 ,2.3,2.3,2,2,25,790,892,0,1,0,1,0
Core2 Duo T7700 ,49.95,BGA479 ,2.4,2.4,2,2,35,790,867,0,1,0,0,1
Core2 Duo P7370 ,,PGA478 ,2.0,2.0,2,2,25,790,793,0,1,0,0,1
Xeon 3040 ,25.04,LGA775 ,1.9,1.9,2,2,65,789,474,0,0,1,0,1
Athlon 7450 Dual-Core,,AM2+ ,2.4,2.4,2,2,95,789,853,1,0,0,1,0
Core2 Duo E4600 ,157.95,LGA775 ,2.4,2.4,2,2,65,778,915,1,0,0,0,1
Celeron B810 ,79.95,PGA988B ,1.6,1.6,2,2,35,775,754,0,1,0,0,1
Xeon 5130 ,48.99,LGA771 ,2.0,2.0,2,2,65,769,766,0,0,1,0,1
on Dual Core 4850e,,AM2 ,2.5,2.5,2,2,45,769,861,1,0,0,1,0
Core2 Duo P7450 ,39.99,PGA478 ,2.1,2.1,2,2,25,766,843,0,1,0,0,1
Opteron 280,370.01,940 ,2.4,2.4,2,2,95,765,430,0,0,1,1,0
Xeon 5120 ,1619.99,LGA771 ,1.9,1.9,2,2,65,763,748,0,0,1,0,1
Celeron B820 ,29.29,PGA988B ,1.7,1.7,2,2,35,763,727,0,1,0,0,1
Pentium T4400 ,,PGA478 ,2.2,2.2,2,2,35,761,865,0,1,0,0,1
Opteron 270,249.95,940 ,2.0,2.0,2,2,95,761,411,0,0,1,1,0
Athlon Dual Core 5050e,60.0,AM2 ,2.6,2.6,2,2,45,759,902,1,0,0,1,0
Pentium T4200 ,12.0,PGA478 ,2.0,2.0,2,2,35,758,832,0,1,0,0,1
Core2 Duo T7600 ,99.95,"PBGA479, PPGA478 ",2.3,2.3,2,2,34,758,843,0,1,0,0,1
Celeron 1007U ,184.99,FCBGA1023 ,1.5,1.5,2,2,17,757,726,0,1,0,0,1
Core2 Duo T6600 ,18.9,PGA478 ,2.2,2.2,2,2,35,755,858,0,1,0,0,1
GX-218GL SOC,,BGA769 (FT3b) ,1.8,1.8,2,2,15,754,627,0,1,0,1,0
 Z3775 ,500.0,UTFCBGA1380 ,1.5,2.4,4,4,4,753,539,0,1,0,1,0
Core i5-470UM ,,BGA1288 ,1.3,1.9,4,2,18,752,404,0,1,0,0,1
Core2 Duo T6670 ,,PGA478 ,2.2,2.2,2,2,35,750,881,0,1,0,0,1
Celeron 1047UE ,,FCBGA1023 ,1.4,1.4,2,2,17,748,526,1,0,0,0,1
Pentium E2200 ,54.0,LGA775 ,2.2,2.2,2,2,65,746,847,1,0,0,0,1
Opteron 180,119.95,939 ,2.4,2.4,2,2,110,746,874,0,0,1,1,0
Celeron 2955U ,,FCBGA1168 ,1.4,1.4,2,2,15,745,695,0,1,0,0,1
Core2 Duo T7400 ,,BGA479 ,2.2,2.2,2,2,34,743,831,0,1,0,0,1
 Z3770 ,149.44,UTFCBGA1380 ,1.5,2.4,4,4,4,743,544,0,1,0,1,0
GX-217GA SOC,,FT3 (769-BGA) ,1.7,1.7,2,2,15,743,564,0,1,0,1,0
Pentium D 960 ,,PLGA775 ,3.6,3.6,2,2,130,743,775,1,0,0,0,1
Core2 Duo E6420 ,189.95,PLGA775 ,2.1,2.1,2,2,65,742,819,1,0,0,0,1
Pentium T4500 ,29.95,PGA478 ,2.3,2.3,2,2,35,742,896,0,1,0,0,1
Turion 64 X2 Mobile TL-62,29.0,S1 ,2.1,2.1,2,2,35,738,758,0,1,0,1,0
Athlon Dual Core 5600B,,AM2+ ,2.9,2.9,2,2,65,737,100,1,0,0,1,0
Core2 Duo E4500 ,71.25,LGA775 ,2.2,2.2,2,2,65,735,827,1,0,0,0,1
Athlon Dual Core 4850e,39.0,AM2 ,2.5,2.5,2,2,45,735,879,1,0,0,1,0
Athlon 64 X2 Dual Core 4600+,349.95,AM2 ,2.4,2.4,2,2,65,734,857,1,0,0,1,0
Athlon 5200 Dual-Core,87.71,AM2 ,2.7,2.7,2,2,75,734,882,1,0,0,1,0
Opteron 1216,54.85,AM2 ,2.4,2.4,2,2,103,734,719,0,0,1,1,0
Core2 Duo T5870 ,,"PPGA478, Socket  ",2.0,2.0,2,2,35,733,780,0,1,0,0,1
Celeron 2961Y ,,,1.1,1.1,2,2,11.5,732,641,0,1,0,0,1
Core2 Duo T8100 ,999.99,BGA479 ,2.1,2.1,2,2,35,731,859,0,1,0,0,1
Turion X2 Ultra Dual-Core Mobile ZM-85,45.0,S1 ,2.3,2.3,2,2,35,730,828,0,1,0,1,0
Xeon 5150 ,30.99,LGA771 ,2.7,2.7,2,2,65,728,954,0,0,1,0,1
Athlon Dual Core 4850B,,AM2+ ,2.5,2.5,2,2,45,727,887,1,0,0,1,0
Opteron 1216 HE,,AM2 ,2.4,2.4,2,2,65,727,847,0,0,1,1,0
E2-3000 APU,,FT3 ,1.7,1.7,2,2,15,726,547,0,1,0,1,0
Core2 Duo T7300 ,44.95,BGA479 ,2.0,2.0,2,2,35,723,793,0,1,0,0,1
Athlon 64 X2 Dual Core 5000+,331.49,AM2 ,2.6,2.6,2,2,65,722,846,1,0,0,1,0
Celeron 887 ,,BGA1023 ,1.5,1.5,2,2,17,722,689,0,1,0,0,1
Turion X2 Ultra Dual-Core Mobile ZM-84,18.99,S1 ,2.3,2.3,2,2,35,720,751,0,1,0,1,0
Core2 Duo T7200 ,59.0,"PBGA479, PPGA478 ",2.0,2.0,2,2,34,717,765,0,1,0,0,1
Core2 Duo T6570 ,38.5,PGA478 ,2.1,2.1,2,2,35,716,852,0,1,0,0,1
 x5-Z8330 ,,,1.4,1.9,4,4,4,713,470,0,1,0,1,0
Celeron E1600 ,,LGA775 ,2.4,2.4,2,2,65,712,877,1,0,0,0,1
Athlon 64 FX-60 Dual Core,,939 ,2.6,2.6,2,2,110,709,912,1,0,0,1,0
Core i3-380UM ,,BGA1288 ,1.3,1.3,4,2,18,708,545,0,1,0,0,1
Turion X2 Dual-Core Mobile RM-75,,S1 ,2.2,2.2,2,2,35,708,770,0,1,0,1,0
Core2 Duo T7250 ,201.48,BGA479 ,2.0,2.0,2,2,35,708,782,0,1,0,0,1
Core2 Duo T6400 ,14.99,PGA478 ,2.0,2.0,2,2,35,705,801,0,1,0,0,1
Core2 Duo T5850 ,15.9,Socket P ,2.2,2.2,2,2,nan,705,797,0,1,0,0,1
Turion II Neo N54L Dual-Core,,BGA812 ,2.2,2.2,2,2,25,704,788,0,1,0,1,0
Athlon 64 X2 Dual Core 4800+,149.95,AM2 ,2.5,2.5,2,2,65,704,879,1,0,0,1,0
Core2 Duo T6500 ,14.99,PGA478 ,2.1,2.1,2,2,35,703,838,0,1,0,0,1
Pentium E2210 ,,LGA775 ,2.2,2.2,2,2,65,702,946,1,0,0,0,1
Celeron P4600 ,,PGA988A ,2.0,2.0,2,2,35,700,675,0,1,0,0,1
Turion II Dual-Core Mobile M520,69.1,S1 ,2.3,2.3,2,2,35,697,866,0,1,0,1,0
Opteron 1214,54.99,AM2 ,2.2,2.2,2,2,103,696,830,0,0,1,1,0
Opteron 185,,939 ,2.6,2.6,2,2,110,695,884,0,0,1,1,0
Core2 Duo P7350 ,19.99,BGA479 ,2.0,2.0,2,2,25,694,754,0,1,0,0,1
Turion 64 X2 Mobile TL-64,39.39,S1 ,2.2,2.2,2,2,35,692,770,0,1,0,1,0
Turion X2 Dual Core Mobile RM-76,,S1 ,2.3,2.3,2,2,35,691,729,0,1,0,1,0
Celeron G470 ,35.15,LGA1155 ,2.0,2.0,2,1,35,691,937,1,0,0,0,1
Celeron P4505 ,,BGA1288 ,1.9,1.9,2,2,35,689,820,0,1,0,0,1
Opteron 175,,939 ,2.2,2.2,2,2,110,689,787,0,0,1,1,0
Turion X2 Ultra Dual-Core Mobile ZM-87,39.95,S1 ,2.4,2.4,2,2,35,688,737,0,1,0,1,0
Athlon X2 Dual Core BE-2400,,FT1 ,2.3,2.3,2,2,18,688,693,1,0,0,1,0
Turion II Neo K685 Dual-Core,,BGA812 ,1.8,1.8,2,2,15,684,729,0,1,0,1,0
on Dual Core 4450e,,AM2 ,2.3,2.3,2,2,45,681,792,1,0,0,1,0
Athlon Dual Core 4450e,14.48,AM2 ,2.3,2.3,2,2,45,679,807,1,0,0,1,0
Athlon 64 X2 Dual Core 4200+,109.95,AM2 ,2.2,2.2,2,2,89,678,788,1,0,0,1,0
Athlon II X2 270u,67.67,AM3 ,2.0,2.0,2,2,25,675,791,1,0,0,1,0
E2-3000M APU,42.98,FS1 ,1.8,2.4,2,2,35,674,736,0,1,0,1,0
Core2 Duo SL9400 ,253.0,BGA956 ,1.9,1.9,2,2,17,672,738,0,1,0,0,1
Celeron N2910 ,,FCBGA1170 ,1.6,1.6,4,4,7.5,672,444,0,1,0,0,1
Celeron J3060 ,,BGA1170 ,1.6,2.5,2,2,6,671,631,1,0,0,0,1
Celeron E1400 ,14.0,LGA775 ,2.0,2.0,2,2,65,671,746,1,0,0,0,1
Core2 Duo T5750 ,9.99,Socket P ,2.0,2.0,2,2,35,671,763,0,1,0,0,1
on Dual Core 4050e,,AM2 ,2.1,2.1,2,2,45,670,744,1,0,0,1,0
Pentium E2180 ,129.9,LGA775 ,2.0,2.0,2,2,65,668,742,1,0,0,0,1
Celeron N3060 ,274.0,,1.6,2.5,2,2,6,667,626,0,1,0,0,1
Core i3-330UM ,,BGA1288 ,1.2,1.2,4,2,18,666,457,0,1,0,0,1
Pentium D 950 ,,PLGA775 ,3.4,3.4,2,2,130,666,700,1,0,0,0,1
Athlon II X2 260u,83.44,AM3 ,1.8,1.8,2,2,25,663,703,1,0,0,1,0
Celeron B815 ,,PGA988B ,1.6,1.6,2,2,35,661,645,0,1,0,0,1
Athlon 64 X2 Dual Core 3600+,98.95,AM2 ,2.0,2.0,2,2,65,660,720,1,0,0,1,0
Turion Dual-Core RM-75,27.46,S1 ,2.2,2.2,2,2,35,659,444,0,1,0,1,0
A4-3300M APU,29.99,FM1 ,1.9,2.5,2,2,65,658,758,0,1,0,1,0
